{"buttons":[{"text":"공유 또는 파일 저장","rect":{"x":32,"y":570.2440795898438,"width":168.09524536132812,"height":44,"top":570.2440795898438,"right":200.09524536132812,"bottom":614.2440795898438,"left":32}},{"text":"JSON 복사","rect":{"x":212.09524536132812,"y":570.2440795898438,"width":168.09524536132812,"height":44,"top":570.2440795898438,"right":380.19049072265625,"bottom":614.2440795898438,"left":212.09524536132812}}],"details":[{"rect":{"x":32,"y":513.482177734375,"width":348.19049072265625,"height":44.761905670166016,"top":513.482177734375,"right":380.19049072265625,"bottom":558.244083404541,"left":32},"open":false}]}
