{"scroll":0,"height":892,"buttons":[{"text":"다시 확인","rect":{"x":324.66668701171875,"y":317.1011962890625,"width":71.52381134033203,"height":44,"top":317.1011962890625,"right":396.1904983520508,"bottom":361.1011962890625,"left":324.66668701171875},"disabled":false},{"text":"초안 만들기","rect":{"x":289.625,"y":672.875,"width":90.56547546386719,"height":44,"top":672.875,"right":380.1904754638672,"bottom":716.875,"left":289.625},"disabled":false}],"supportText":"데이터\n기기 및 개인정보\n\n앱 코어가 실제로 제공하는 저장·보호 상태입니다.\n\n다시 확인\n대화 저장소\n기기 내부 저장 · 형식 3\n정상\n카드·미디어 저장소\n0개 · 0 B\n정상\n보호 원칙\n코어 확인됨\n대화 요청은 사용자가 선택한 LLM 제공자에게만 보냅니다.\nAPI 키는 기기 보안 저장소에만 두고 진단 정보에 넣지 않습니다.\n가져온 JavaScript·Lua는 보안 정책에 따라 실행하지 않습니다.\n진단 정보\n\n사용자 요청으로 기기에서만 초안을 만듭니다. 자동 전송이나 원격 신고는 하지 않습니다.\n\n초안 만들기\n정보\n버전\n0.1.0\n라이선스\nApache-2.0\nLorePia — 계정"}
