{"title":"LorePia — 카이 대화 설정","dpr":2.625,"link":[{"x":32,"y":421.4285888671875,"width":348.19049072265625,"height":60.38095474243164,"top":421.4285888671875,"right":380.19049072265625,"bottom":481.80954360961914,"left":32}]}
