{"active":"TEXTAREA","value":"qa","buttons":[{"aria":"첨부 (준비 중)","disabled":true,"rect":{"x":64.0952377319336,"y":828.1904907226562,"width":44,"height":44,"top":828.1904907226562,"right":108.0952377319336,"bottom":872.1904907226562,"left":64.0952377319336}},{"aria":"보내기","disabled":false,"rect":{"x":308.71429443359375,"y":833.1904907226562,"width":34,"height":34,"top":833.1904907226562,"right":342.71429443359375,"bottom":867.1904907226562,"left":308.71429443359375}}]}
