{"text":"진단 정보에 넣지 않습니다.\n가져온 JavaScript·Lua는 보안 정책에 따라 실행하지 않습니다.\n진단 정보\n\n사용자 요청으로 기기에서만 초안을 만듭니다. 자동 전송이나 원격 신고는 하지 않습니다.\n\n다시 만들기\nlorepia-diagnostics.json\n485 B\n\nAPI 키, 대화·페르소나, 프롬프트·로어, 파일 경로, 원시 제공자 오류가 없음을 코어 응답에서 확인했습니다.\n\n생성된 JSON 검토\n공유 또는 파일 저장\nJSON 복사\n정보\n버전\n0.1.0\n라이선스\nApache-2.0\nLorePia — 계정","details":[{"open":false,"text":"생성된 JSON 검토","rect":{"x":32,"y":828.9107055664062,"width":348.19049072265625,"height":44.761905670166016,"top":828.9107055664062,"right":380.19049072265625,"bottom":873.6726112365723,"left":32}}],"buttons":[{"text":"다시 만들기","disabled":false,"rect":{"x":289.625,"y":672.875,"width":90.56547546386719,"height":44,"top":672.875,"right":380.1904754638672,"bottom":716.875,"left":289.625}},{"text":"JSON 복사","disabled":false,"rect":{"x":212.09524536132812,"y":885.672607421875,"width":168.09524536132812,"height":44,"top":885.672607421875,"right":380.19049072265625,"bottom":929.672607421875,"left":212.09524536132812}}]}
