{"dialogOpen":true,"active":"취소","dialogText":"대화를 삭제할까요?\n\n이 기기의 대화와 메시지가 삭제됩니다. 이 작업은 되돌릴 수 없습니다.\n\n취소\n삭제","buttons":[{"text":"취소","rect":{"x":75.47618865966797,"y":469.79168701171875,"width":126.61904907226562,"height":36,"top":469.79168701171875,"right":202.0952377319336,"bottom":505.79168701171875,"left":75.47618865966797}},{"text":"삭제","rect":{"x":210.09524536132812,"y":469.79168701171875,"width":126.61904907226562,"height":36,"top":469.79168701171875,"right":336.71429443359375,"bottom":505.79168701171875,"left":210.09524536132812}}]}
