{"dpr":2.625,"viewport":{"w":412,"h":892},"rect":{"x":352.19049072265625,"y":5,"width":44,"height":44,"top":5,"right":396.19049072265625,"bottom":49,"left":352.19049072265625}}
